TC_NAME,ATTEMPTS_TRUNC,pass_rate,total_count
Aberdeen North,1,0.45251937984496127,1032
Aberdeen North,2,0.44,575
Aberdeen North,3,0.44339622641509435,318
Aberdeen North,4,0.4421052631578947,380
Aberdeen South (Cove),1,0.5386684599865501,1487
Aberdeen South (Cove),2,0.5465425531914894,752
Aberdeen South (Cove),3,0.5014409221902018,347
Aberdeen South (Cove),4,0.5147058823529411,340
Aberfeldy,1,0.5306122448979592,49
Aberfeldy,2,0.4,15
Aberfeldy,3,0.5555555555555556,9
Aberfeldy,4,0.2,5
Abergavenny,1,0.607780612244898,1568
Abergavenny,2,0.6257668711656442,652
Abergavenny,3,0.5884476534296029,277
Abergavenny,4,0.5678571428571428,280
Aberystwyth (Park Avenue),1,0.5528846153846154,416
Aberystwyth (Park Avenue),2,0.5865384615384616,208
Aberystwyth (Park Avenue),3,0.611764705882353,85
Aberystwyth (Park Avenue),4,0.6764705882352942,68
Airdrie,1,0.4662322274881517,1688
Airdrie,2,0.4553014553014553,962
Airdrie,3,0.4514851485148515,505
Airdrie,4,0.42746913580246915,648
Alness,1,0.6050156739811913,319
Alness,2,0.640625,128
Alness,3,0.5102040816326531,49
Alness,4,0.5471698113207547,53
Alnwick,1,0.6124661246612466,369
Alnwick,2,0.5675675675675675,185
Alnwick,3,0.5106382978723404,94
Alnwick,4,0.4358974358974359,117
Arbroath,1,0.7633587786259542,262
Arbroath,2,0.7540983606557377,61
Arbroath,3,0.875,16
Arbroath,4,0.6428571428571429,14
Ashfield,1,0.5304682488774856,3118
Ashfield,2,0.5545762711864407,1475
Ashfield,3,0.5514018691588785,642
Ashfield,4,0.46742671009771986,614
Ashford (Kent),1,0.5184648805213613,1381
Ashford (Kent),2,0.4670138888888889,576
Ashford (Kent),3,0.4690909090909091,275
Ashford (Kent),4,0.5056179775280899,267
Atherton (Manchester),1,0.46243523316062174,1544
Atherton (Manchester),2,0.4435994930291508,789
Atherton (Manchester),3,0.4928909952606635,422
Atherton (Manchester),4,0.46021505376344085,465
Aylesbury,1,0.43142305215711524,1553
Aylesbury,2,0.44025974025974024,770
Aylesbury,3,0.49731182795698925,372
Aylesbury,4,0.43582089552238806,335
Ayr,1,0.5405405405405406,777
Ayr,2,0.5542452830188679,424
Ayr,3,0.6037735849056604,212
Ayr,4,0.5238095238095238,168
Bala,1,0.5348837209302325,129
Bala,2,0.41935483870967744,62
Bala,3,0.6216216216216216,37
Bala,4,0.6071428571428571,28
Ballater,1,0.7111111111111111,45
Ballater,2,0.631578947368421,19
Ballater,3,0.875,16
Ballater,4,0.8,10
Banbury,1,0.39203484754200374,1607
Banbury,2,0.40540540540540543,888
Banbury,3,0.4204081632653061,490
Banbury,4,0.43956043956043955,455
Banff,1,0.5571428571428572,70
Banff,2,0.5714285714285714,42
Banff,3,0.7272727272727273,11
Banff,4,0.2857142857142857,7
Bangor,1,0.49174528301886794,848
Bangor,2,0.5371287128712872,404
Bangor,3,0.5,186
Bangor,4,0.5338983050847458,118
Barking (Tanner Street),1,0.3884745762711864,1475
Barking (Tanner Street),2,0.3936842105263158,950
Barking (Tanner Street),3,0.4708249496981891,497
Barking (Tanner Street),4,0.39622641509433965,636
Barnet (London),1,0.4937665281450699,2647
Barnet (London),2,0.4911894273127753,1362
Barnet (London),3,0.4868804664723032,686
Barnet (London),4,0.4610552763819096,796
Barnsley,1,0.5748717948717949,1950
Barnsley,2,0.5649663137632339,1039
Barnsley,3,0.5405405405405406,518
Barnsley,4,0.5058139534883721,516
Barnstaple,1,0.5540661304736372,1119
Barnstaple,2,0.6222627737226277,548
Barnstaple,3,0.6,225
Barnstaple,4,0.5643564356435643,202
Barra,1,0.8571428571428571,14
Barra,2,1.0,3
Barrow In Furness,1,0.6826625386996904,646
Barrow In Furness,2,0.7037037037037037,216
Barrow In Furness,3,0.5897435897435898,78
Barrow In Furness,4,0.6029411764705882,68
Barry,1,0.562962962962963,540
Barry,2,0.5330188679245284,212
Barry,3,0.6574074074074074,108
Barry,4,0.4444444444444444,81
Basildon,1,0.4882860665844636,1622
Basildon,2,0.47330960854092524,843
Basildon,3,0.4822546972860125,479
Basildon,4,0.4369747899159664,476
Basingstoke,1,0.6030259365994236,1388
Basingstoke,2,0.6267123287671232,584
Basingstoke,3,0.6389891696750902,277
Basingstoke,4,0.6026785714285714,224
Bedford,1,0.5478335478335479,2331
Bedford,2,0.5439453125,1024
Bedford,3,0.5771543086172345,499
Bedford,4,0.5345911949685535,477
Belvedere (London),1,0.335,800
Belvedere (London),2,0.3556910569105691,492
Belvedere (London),3,0.352059925093633,267
Belvedere (London),4,0.34375,320
Benbecula Island,1,0.8867924528301887,53
Benbecula Island,2,1.0,9
Benbecula Island,3,1.0,4
Benbecula Island,4,1.0,1
Berwick-On-Tweed,1,0.5675675675675675,222
Berwick-On-Tweed,2,0.53,100
Berwick-On-Tweed,3,0.4166666666666667,48
Berwick-On-Tweed,4,0.5588235294117647,34
Beverley LGV,1,0.59375,192
Beverley LGV,2,0.5730337078651685,89
Beverley LGV,3,0.5116279069767442,43
Beverley LGV,4,0.4528301886792453,53
Birmingham (Garretts Green),1,0.40183446167285436,4579
Birmingham (Garretts Green),2,0.4032860343539955,2678
Birmingham (Garretts Green),3,0.4203076923076923,1625
Birmingham (Garretts Green),4,0.40948275862068967,2320
Birmingham (Kings Heath),1,0.4641488779419814,1827
Birmingham (Kings Heath),2,0.4298507462686567,1005
Birmingham (Kings Heath),3,0.46779661016949153,590
Birmingham (Kings Heath),4,0.40025575447570333,782
Birmingham (Kingstanding),1,0.42280701754385963,3420
Birmingham (Kingstanding),2,0.45075970737197524,1777
Birmingham (Kingstanding),3,0.4464980544747082,1028
Birmingham (Kingstanding),4,0.4444444444444444,1476
Birmingham (Shirley),1,0.5353697749196141,1866
Birmingham (Shirley),2,0.5341880341880342,936
Birmingham (Shirley),3,0.5240963855421686,498
Birmingham (Shirley),4,0.4694589877835951,573
Birmingham (South Yardley),1,0.4024390243902439,2542
Birmingham (South Yardley),2,0.4174031271244052,1471
Birmingham (South Yardley),3,0.4530456852791878,788
Birmingham (South Yardley),4,0.3825136612021858,1098
Birmingham (Sutton Coldfield),1,0.4155722326454034,1066
Birmingham (Sutton Coldfield),2,0.45103857566765576,674
Birmingham (Sutton Coldfield),3,0.45161290322580644,403
Birmingham (Sutton Coldfield),4,0.46748681898066785,569
Bishopbriggs,1,0.5559228650137741,1815
Bishopbriggs,2,0.5400593471810089,1011
Bishopbriggs,3,0.5149253731343284,536
Bishopbriggs,4,0.44412607449856734,698
Bishops Stortford,1,0.5035394053798962,2119
Bishops Stortford,2,0.4671340929009641,1141
Bishops Stortford,3,0.49072512647554806,593
Bishops Stortford,4,0.4645669291338583,635
Blackburn with Darwen,1,0.47636039250669043,2242
Blackburn with Darwen,2,0.46524064171123,1309
Blackburn with Darwen,3,0.5206043956043956,728
Blackburn with Darwen,4,0.46194225721784776,762
Blackpool,1,0.42305475504322765,1735
Blackpool,2,0.4342105263157895,988
Blackpool,3,0.4484732824427481,524
Blackpool,4,0.4557823129251701,588
Bletchley,1,0.45782493368700267,1885
Bletchley,2,0.5009920634920635,1008
Bletchley,3,0.47789473684210526,475
Bletchley,4,0.46078431372549017,510
Blyth,1,0.5335169880624426,2178
Blyth,2,0.5323159784560144,1114
Blyth,3,0.49429657794676807,526
Blyth,4,0.42047026279391425,723
Bodmin,1,0.39523475823405746,1427
Bodmin,2,0.4186813186813187,910
Bodmin,3,0.4406779661016949,531
Bodmin,4,0.45585874799357945,623
Bolton (Manchester),1,0.5828476269775187,3603
Bolton (Manchester),2,0.5457967377666249,1594
Bolton (Manchester),3,0.5327342747111682,779
Bolton (Manchester),4,0.5177478580171359,817
Borehamwood (London),1,0.4766597510373444,1928
Borehamwood (London),2,0.4897750511247444,978
Borehamwood (London),3,0.5257936507936508,504
Borehamwood (London),4,0.501010101010101,495
Boston,1,0.5251076040172167,1394
Boston,2,0.5021216407355021,707
Boston,3,0.5406162464985994,357
Boston,4,0.5015197568389058,329
Bradford (Heaton),1,0.540421362077413,2041
Bradford (Heaton),2,0.5476190476190477,924
Bradford (Heaton),3,0.5460385438972163,467
Bradford (Heaton),4,0.5010940919037199,457
Bradford (Thornbury),1,0.5133956386292835,1605
Bradford (Thornbury),2,0.5354037267080746,805
Bradford (Thornbury),3,0.5422343324250681,367
Bradford (Thornbury),4,0.5012468827930174,401
Brecon,1,0.5833333333333334,576
Brecon,2,0.6067796610169491,295
Brecon,3,0.5384615384615384,117
Brecon,4,0.5121951219512195,123
Bredbury (Manchester),1,0.5481508604906628,2731
Bredbury (Manchester),2,0.5502392344497608,1254
Bredbury (Manchester),3,0.5178571428571429,560
Bredbury (Manchester),4,0.5078369905956113,638
Brentwood (London),1,0.5258255715495342,1181
Brentwood (London),2,0.5112781954887218,665
Brentwood (London),3,0.47878787878787876,330
Brentwood (London),4,0.4661458333333333,384
Bridgend,1,0.5486842105263158,1520
Bridgend,2,0.549800796812749,753
Bridgend,3,0.6180124223602484,322
Bridgend,4,0.5826771653543307,254
Bridlington,1,0.6044303797468354,948
Bridlington,2,0.6326034063260341,411
Bridlington,3,0.6631016042780749,187
Bridlington,4,0.5310344827586206,145
Bristol (Avonmouth),1,0.5626204238921002,3114
Bristol (Avonmouth),2,0.5637860082304527,1458
Bristol (Avonmouth),3,0.5568181818181818,704
Bristol (Avonmouth),4,0.553030303030303,660
Bristol (Kingswood),1,0.5554542692190824,3291
Bristol (Kingswood),2,0.5555555555555556,1467
Bristol (Kingswood),3,0.5959595959595959,693
Bristol (Kingswood),4,0.5363790186125211,591
Brodick (Isle of Arran),1,0.55,20
Brodick (Isle of Arran),2,0.6923076923076923,13
Brodick (Isle of Arran),3,0.42857142857142855,7
Brodick (Isle of Arran),4,0.5,8
Bromley (London),1,0.5295648940126441,2689
Bromley (London),2,0.5295836376917458,1369
Bromley (London),3,0.4682080924855491,692
Bromley (London),4,0.4822085889570552,815
Buckie,1,0.4782608695652174,92
Buckie,2,0.54,50
Buckie,3,0.3333333333333333,18
Buckie,4,0.3611111111111111,36
Burgess Hill,1,0.4486504279131007,3038
Burgess Hill,2,0.47381799694966953,1967
Burgess Hill,3,0.45314009661835747,1035
Burgess Hill,4,0.4225589225589226,1188
Burton on Trent,1,0.54,1700
Burton on Trent,2,0.5474372955288986,917
Burton on Trent,3,0.5284738041002278,439
Burton on Trent,4,0.46595744680851064,470
Bury (Manchester),1,0.3795826283135928,1773
Bury (Manchester),2,0.41496598639455784,1029
Bury (Manchester),3,0.35842293906810035,558
Bury (Manchester),4,0.4025069637883008,718
Bury St Edmunds,1,0.44738041002277906,2195
Bury St Edmunds,2,0.41638795986622074,1196
Bury St Edmunds,3,0.43892045454545453,704
Bury St Edmunds,4,0.4544159544159544,702
Buxton,1,0.5549828178694158,1164
Buxton,2,0.5642201834862385,654
Buxton,3,0.4919614147909968,311
Buxton,4,0.48942598187311176,331
Callander,1,0.6052631578947368,38
Callander,2,0.3333333333333333,12
Callander,3,0.36363636363636365,11
Callander,4,0.36363636363636365,11
Camborne,1,0.4020245842371656,1383
Camborne,2,0.42290249433106575,882
Camborne,3,0.4498977505112474,489
Camborne,4,0.43079584775086505,578
Cambridge (Brookmount Court),1,0.529395058222096,3521
Cambridge (Brookmount Court),2,0.5118457300275482,1815
Cambridge (Brookmount Court),3,0.511500547645126,913
Cambridge (Brookmount Court),4,0.49748743718592964,995
Campbeltown,1,0.5531914893617021,47
Campbeltown,2,0.625,16
Campbeltown,3,0.4,5
Campbeltown,4,1.0,1
Canterbury,1,0.5149863760217984,1101
Canterbury,2,0.5529865125240848,519
Canterbury,3,0.5087719298245614,228
Canterbury,4,0.436,250
Cardiff (Llanishen),1,0.5437062937062938,4576
Cardiff (Llanishen),2,0.5514705882352942,2176
Cardiff (Llanishen),3,0.5079051383399209,1012
Cardiff (Llanishen),4,0.49019607843137253,1122
Cardigan,1,0.49765258215962443,426
Cardigan,2,0.5111111111111111,225
Cardigan,3,0.6020408163265306,98
Cardigan,4,0.4883720930232558,86
Carlisle,1,0.6388888888888888,36
Carlisle,2,0.8181818181818182,22
Carlisle,3,0.5555555555555556,9
Carlisle,4,0.75,4
Carlisle LGV (Cars),1,0.5737051792828686,1255
Carlisle LGV (Cars),2,0.6122448979591837,490
Carlisle LGV (Cars),3,0.6318181818181818,220
Carlisle LGV (Cars),4,0.593939393939394,165
Carmarthen,1,0.5179856115107914,695
Carmarthen,2,0.5476923076923077,325
Carmarthen,3,0.6060606060606061,132
Carmarthen,4,0.4574468085106383,94
Castle Douglas,1,0.5972222222222222,144
Castle Douglas,2,0.4857142857142857,70
Castle Douglas,3,0.5769230769230769,26
Castle Douglas,4,0.40625,32
Chadderton,1,0.4441137566137566,3024
Chadderton,2,0.4580281690140845,1775
Chadderton,3,0.47474747474747475,990
Chadderton,4,0.404971932638332,1247
Cheetham Hill (Manchester),1,0.432510885341074,2756
Cheetham Hill (Manchester),2,0.42940793754066364,1537
Cheetham Hill (Manchester),3,0.4305381727158949,799
Cheetham Hill (Manchester),4,0.4178082191780822,1022
Chelmsford (Hanbury Road),1,0.504268639726807,3514
Chelmsford (Hanbury Road),2,0.5027624309392266,1810
Chelmsford (Hanbury Road),3,0.4904862579281184,946
Chelmsford (Hanbury Road),4,0.44259077526987245,1019
Cheltenham,1,0.4410229645093946,1916
Cheltenham,2,0.4775549188156638,1047
Cheltenham,3,0.49803149606299213,508
Cheltenham,4,0.45454545454545453,561
Chertsey (London),1,0.48242933537051186,2618
Chertsey (London),2,0.5171641791044777,1340
Chertsey (London),3,0.5051724137931034,580
Chertsey (London),4,0.48013245033112584,604
Chester,1,0.43558523173605657,2546
Chester,2,0.48038585209003215,1555
Chester,3,0.4842105263157895,855
Chester,4,0.43621013133208253,1066
Chesterfield,1,0.48722316865417375,1174
Chesterfield,2,0.4664586583463339,641
Chesterfield,3,0.5609756097560976,369
Chesterfield,4,0.48405797101449277,345
Chichester,1,0.6505513146734521,2358
Chichester,2,0.6391129032258065,992
Chichester,3,0.6272727272727273,440
Chichester,4,0.6380697050938338,373
Chingford (London),1,0.3503411450608128,3371
Chingford (London),2,0.394655704008222,1946
Chingford (London),3,0.38594890510948904,1096
Chingford (London),4,0.38088235294117645,1360
Chippenham,1,0.47437929212889596,1893
Chippenham,2,0.49583333333333335,960
Chippenham,3,0.46621621621621623,444
Chippenham,4,0.4536082474226804,485
Chorley,1,0.5902439024390244,1230
Chorley,2,0.5625,544
Chorley,3,0.5796460176991151,226
Chorley,4,0.4678111587982833,233
Clacton-on-Sea,1,0.5227655986509275,593
Clacton-on-Sea,2,0.5111940298507462,268
Clacton-on-Sea,3,0.5267175572519084,131
Clacton-on-Sea,4,0.5964912280701754,114
Colchester,1,0.460038240917782,2615
Colchester,2,0.45906228131560534,1429
Colchester,3,0.46825396825396826,756
Colchester,4,0.42713004484304934,892
Coventry,1,0.4188169908693926,2519
Coventry,2,0.4444444444444444,1287
Coventry,3,0.4292237442922374,657
Coventry,4,0.3780332056194125,783
Crawley,1,0.3806818181818182,1760
Crawley,2,0.40451745379876797,974
Crawley,3,0.3761638733705773,537
Crawley,4,0.37853949329359166,671
Crewe,1,0.4548429319371728,1528
Crewe,2,0.48074534161490684,805
Crewe,3,0.47146401985111663,403
Crewe,4,0.46530612244897956,490
Crieff,1,0.5217391304347826,46
Crieff,2,0.5384615384615384,26
Crieff,3,1.0,4
Crieff,4,0.5714285714285714,7
Culham LGV,1,0.53125,32
Culham LGV,2,0.5,20
Culham LGV,3,0.42105263157894735,19
Culham LGV,4,0.6111111111111112,18
Cumnock,1,0.5632911392405063,316
Cumnock,2,0.589041095890411,146
Cumnock,3,0.6290322580645161,62
Cumnock,4,0.5753424657534246,73
Darlington,1,0.5511928429423459,2012
Darlington,2,0.6049601417183348,1129
Darlington,3,0.576271186440678,531
Darlington,4,0.5380434782608695,552
Derby (Alvaston),1,0.4917402996542451,2603
Derby (Alvaston),2,0.4935275080906149,1236
Derby (Alvaston),3,0.4906621392190153,589
Derby (Alvaston),4,0.4699828473413379,583
Doncaster,1,0.40748663101604277,1870
Doncaster,2,0.44034917555771097,1031
Doncaster,3,0.41,600
Doncaster,4,0.4105691056910569,738
Dorchester,1,0.6316091954022989,1740
Dorchester,2,0.6312594840667678,659
Dorchester,3,0.6692015209125475,263
Dorchester,4,0.6904761904761905,210
Dudley,1,0.42517438173747624,3154
Dudley,2,0.44181818181818183,1650
Dudley,3,0.44100801832760594,873
Dudley,4,0.4159462055715658,1041
Dumbarton,1,0.4881422924901186,506
Dumbarton,2,0.5060728744939271,247
Dumbarton,3,0.48936170212765956,141
Dumbarton,4,0.5299145299145299,117
Dumfries,1,0.5513888888888889,720
Dumfries,2,0.4594594594594595,370
Dumfries,3,0.5129533678756477,193
Dumfries,4,0.49710982658959535,173
Dundee,1,0.6201808662541647,2101
Dundee,2,0.6330777656078861,913
Dundee,3,0.6363636363636364,374
Dundee,4,0.5833333333333334,300
Dunfermline (Vine),1,0.48850045998160074,1087
Dunfermline (Vine),2,0.4678260869565217,575
Dunfermline (Vine),3,0.5,338
Dunfermline (Vine),4,0.46579804560260585,307
Dunoon,1,0.5507246376811594,69
Dunoon,2,0.6153846153846154,26
Dunoon,3,0.42105263157894735,19
Dunoon,4,0.4583333333333333,24
Duns,1,0.75,32
Duns,2,0.6956521739130435,23
Duns,3,0.6666666666666666,9
Duns,4,0.5555555555555556,9
Durham,1,0.5075930144267274,2634
Durham,2,0.5021961932650073,1366
Durham,3,0.5206489675516224,678
Durham,4,0.4435612082670906,629
East Kilbride,1,0.4515235457063712,1083
East Kilbride,2,0.46886446886446886,546
East Kilbride,3,0.48333333333333334,300
East Kilbride,4,0.4154727793696275,349
Eastbourne,1,0.4729458917835671,1996
Eastbourne,2,0.5096446700507614,985
Eastbourne,3,0.5090497737556561,442
Eastbourne,4,0.5206611570247934,363
Edinburgh (Currie),1,0.49925925925925924,2025
Edinburgh (Currie),2,0.47962085308056873,1055
Edinburgh (Currie),3,0.45,560
Edinburgh (Currie),4,0.42251461988304095,684
Edinburgh (Musselburgh),1,0.45302013422818793,2086
Edinburgh (Musselburgh),2,0.45521023765996343,1094
Edinburgh (Musselburgh),3,0.4166666666666667,552
Edinburgh (Musselburgh),4,0.40476190476190477,714
Elgin,1,0.40892193308550184,538
Elgin,2,0.47530864197530864,324
Elgin,3,0.44375,160
Elgin,4,0.484472049689441,161
Enfield (Brancroft Way),1,0.5609756097560976,41
Enfield (Brancroft Way),2,0.5769230769230769,26
Enfield (Brancroft Way),3,0.5384615384615384,13
Enfield (Brancroft Way),4,0.5,14
Enfield (Innova Business Park),1,0.5016501650165016,2121
Enfield (Innova Business Park),2,0.5312225153913809,1137
Enfield (Innova Business Park),3,0.5294117647058824,561
Enfield (Innova Business Park),4,0.49344978165938863,687
Erith (London),1,0.40409683426443205,1074
Erith (London),2,0.43086816720257237,622
Erith (London),3,0.43843843843843844,333
Erith (London),4,0.43356643356643354,429
Exeter,1,0.4634044332915098,2391
Exeter,2,0.5175304878048781,1312
Exeter,3,0.4869431643625192,651
Exeter,4,0.48988439306358383,692
Exeter LGV,1,0.336283185840708,113
Exeter LGV,2,0.4936708860759494,79
Exeter LGV,3,0.275,40
Exeter LGV,4,0.4,70
Farnborough,1,0.5724137931034483,3335
Farnborough,2,0.594391244870041,1462
Farnborough,3,0.5775127768313458,587
Farnborough,4,0.5636704119850188,534
Featherstone,1,0.3107846926942404,2587
Featherstone,2,0.35070821529745044,1765
Featherstone,3,0.3831858407079646,1130
Featherstone,4,0.3205204021289178,1691
Folkestone,1,0.36047774158523344,921
Folkestone,2,0.4879518072289157,498
Folkestone,3,0.45248868778280543,221
Folkestone,4,0.45188284518828453,239
Forfar,1,0.7256317689530686,277
Forfar,2,0.7403846153846154,104
Forfar,3,0.717948717948718,39
Forfar,4,0.9230769230769231,26
Fort William,1,0.6,125
Fort William,2,0.4117647058823529,51
Fort William,3,0.47619047619047616,21
Fort William,4,0.35714285714285715,28
Fraserburgh,1,0.6283185840707964,226
Fraserburgh,2,0.6095238095238096,105
Fraserburgh,3,0.6888888888888889,45
Fraserburgh,4,0.75,20
Gairloch,1,0.8125,16
Gairloch,2,0.4,5
Gairloch,3,0.75,4
Gairloch,4,1.0,4
Galashiels,1,0.6116071428571429,448
Galashiels,2,0.6089108910891089,202
Galashiels,3,0.5818181818181818,110
Galashiels,4,0.631578947368421,133
Gateshead,1,0.4308056872037915,2110
Gateshead,2,0.4266347687400319,1254
Gateshead,3,0.43766937669376693,738
Gateshead,4,0.3870625662778367,943
Gillingham,1,0.5910423886963476,3751
Gillingham,2,0.572554169402495,1523
Gillingham,3,0.5967741935483871,682
Gillingham,4,0.49162011173184356,716
Girvan,1,0.5833333333333334,84
Girvan,2,0.6585365853658537,41
Girvan,3,0.7,20
Girvan,4,0.5,6
Glasgow (Anniesland),1,0.4434324065196548,2086
Glasgow (Anniesland),2,0.4652956298200514,1167
Glasgow (Anniesland),3,0.45255474452554745,685
Glasgow (Anniesland),4,0.41456016177957533,989
Glasgow (Baillieston),1,0.4728334081724293,2227
Glasgow (Baillieston),2,0.4593528018942384,1267
Glasgow (Baillieston),3,0.5014409221902018,694
Glasgow (Baillieston),4,0.43850806451612906,992
Glasgow (Shieldhall),1,0.37285714285714283,1400
Glasgow (Shieldhall),2,0.43954659949622166,794
Glasgow (Shieldhall),3,0.40145985401459855,411
Glasgow (Shieldhall),4,0.45260663507109006,422
Gloucester,1,0.49040139616055844,1719
Gloucester,2,0.4708276797829037,737
Gloucester,3,0.4870967741935484,310
Gloucester,4,0.41597796143250687,363
Golspie,1,0.6756756756756757,37
Golspie,2,0.5454545454545454,11
Golspie,3,0.7777777777777778,9
Golspie,4,0.6666666666666666,3
Goodmayes (London),1,0.41997832369942195,5536
Goodmayes (London),2,0.46918852959121415,3278
Goodmayes (London),3,0.48011363636363635,1760
Goodmayes (London),4,0.4820462370880472,2033
Gosforth,1,0.4496619083395943,2662
Gosforth,2,0.45510455104551045,1626
Gosforth,3,0.4673913043478261,920
Gosforth,4,0.44285714285714284,1190
Grangemouth,1,0.5071022727272727,1408
Grangemouth,2,0.4993581514762516,779
Grangemouth,3,0.5090439276485789,387
Grangemouth,4,0.41866028708133973,418
Grantham (Somerby),1,0.5241892610313663,1881
Grantham (Somerby),2,0.5338983050847458,944
Grantham (Somerby),3,0.5784543325526932,427
Grantham (Somerby),4,0.5257270693512305,447
Grantown-On-Spey,1,0.640625,64
Grantown-On-Spey,2,0.5,24
Grantown-On-Spey,3,0.6363636363636364,11
Grantown-On-Spey,4,0.5714285714285714,14
Greenford (Horsenden Lane),1,0.391304347826087,1886
Greenford (Horsenden Lane),2,0.4230769230769231,1014
Greenford (Horsenden Lane),3,0.4101633393829401,551
Greenford (Horsenden Lane),4,0.42158273381294964,695
Greenham,1,0.4574818721160185,1517
Greenham,2,0.5105820105820106,756
Greenham,3,0.47633136094674555,338
Greenham,4,0.48307692307692307,325
Greenock,1,0.39965095986038396,573
Greenock,2,0.40752351097178685,319
Greenock,3,0.4512820512820513,195
Greenock,4,0.46638655462184875,238
Grimsby Coldwater,1,0.35141329258976317,1309
Grimsby Coldwater,2,0.4126611957796014,853
Grimsby Coldwater,3,0.386892177589852,473
Grimsby Coldwater,4,0.3964401294498382,618
Guildford,1,0.44205495818399043,1674
Guildford,2,0.4766558089033659,921
Guildford,3,0.48577235772357724,492
Guildford,4,0.42291666666666666,480
Haddington,1,0.5942857142857143,525
Haddington,2,0.6244541484716157,229
Haddington,3,0.6630434782608695,92
Haddington,4,0.61,100
Halifax,1,0.40969455511288183,1506
Halifax,2,0.4536637931034483,928
Halifax,3,0.46747967479674796,492
Halifax,4,0.4239864864864865,592
Hamilton,1,0.39919678714859436,1245
Hamilton,2,0.47182175622542594,763
Hamilton,3,0.47692307692307695,390
Hamilton,4,0.4628297362110312,417
Hartlepool,1,0.48655139289145055,2082
Hartlepool,2,0.474370112945265,1151
Hartlepool,3,0.5131782945736434,645
Hartlepool,4,0.45026881720430106,744
Hastings (Ore),1,0.4633333333333333,900
Hastings (Ore),2,0.4585858585858586,495
Hastings (Ore),3,0.5020408163265306,245
Hastings (Ore),4,0.49795918367346936,245
Hawick,1,0.6948051948051948,154
Hawick,2,0.6170212765957447,47
Hawick,3,0.75,20
Hawick,4,0.5,20
Heckmondwike,1,0.48224661071659136,1549
Heckmondwike,2,0.4976905311778291,866
Heckmondwike,3,0.52,475
Heckmondwike,4,0.4494720965309201,663
Hendon (London),1,0.45782312925170066,2940
Hendon (London),2,0.4914394419784401,1577
Hendon (London),3,0.48905109489051096,822
Hendon (London),4,0.45977011494252873,957
Hereford,1,0.5709312445604874,1149
Hereford,2,0.5620437956204379,548
Hereford,3,0.5905172413793104,232
Hereford,4,0.56353591160221,181
Herne Bay,1,0.5610453246222948,2449
Herne Bay,2,0.5876777251184834,1055
Herne Bay,3,0.6180257510729614,466
Herne Bay,4,0.5074074074074074,540
Hexham,1,0.5626740947075209,359
Hexham,2,0.6089743589743589,156
Hexham,3,0.676056338028169,71
Hexham,4,0.6538461538461539,52
Heysham,1,0.5724137931034483,1160
Heysham,2,0.5790441176470589,544
Heysham,3,0.4962121212121212,264
Heysham,4,0.5092250922509225,271
High Wycombe,1,0.49904397705544934,523
High Wycombe,2,0.5507692307692308,325
High Wycombe,3,0.5163398692810458,153
High Wycombe,4,0.5844155844155844,154
Hinckley,1,0.5372549019607843,765
Hinckley,2,0.5184135977337111,353
Hinckley,3,0.4605263157894737,152
Hinckley,4,0.5269461077844312,167
Hither Green (London),1,0.5409015025041736,1198
Hither Green (London),2,0.5514834205933682,573
Hither Green (London),3,0.538961038961039,308
Hither Green (London),4,0.4852941176470588,340
Hornchurch (London),1,0.5249859629421674,1781
Hornchurch (London),2,0.5486338797814208,915
Hornchurch (London),3,0.5411764705882353,425
Hornchurch (London),4,0.5044843049327354,446
Horsforth,1,0.5117044623262619,2734
Horsforth,2,0.5142065142065142,1443
Horsforth,3,0.5013927576601671,718
Horsforth,4,0.4369266055045872,872
Huddersfield,1,0.5013066202090593,2296
Huddersfield,2,0.5334370139968896,1286
Huddersfield,3,0.5115273775216138,694
Huddersfield,4,0.4676354029062087,757
Hull,1,0.5105799373040752,2552
Hull,2,0.4949019607843137,1275
Hull,3,0.525399129172714,689
Hull,4,0.48695652173913045,690
Huntly,1,0.6396396396396397,111
Huntly,2,0.7307692307692307,52
Huntly,3,0.5714285714285714,14
Huntly,4,0.5714285714285714,14
Inveraray,1,0.7878787878787878,33
Inveraray,2,0.8888888888888888,9
Inveraray,3,0.5714285714285714,7
Inveraray,4,0.4,5
Inverness (Longman Drive),1,0.6,15
Inverness (Longman Drive),2,0.5,8
Inverness (Longman Drive),3,0.5,2
Inverness (Longman Drive),4,0.3333333333333333,6
Inverness (Seafield Road),1,0.48148148148148145,783
Inverness (Seafield Road),2,0.48655256723716384,409
Inverness (Seafield Road),3,0.4700854700854701,234
Inverness (Seafield Road),4,0.48360655737704916,244
Inverurie,1,0.5534591194968553,318
Inverurie,2,0.46938775510204084,147
Inverurie,3,0.5384615384615384,65
Inverurie,4,0.5142857142857142,35
Ipswich,1,0.6042154566744731,2989
Ipswich,2,0.6219797349961029,1283
Ipswich,3,0.6190476190476191,525
Ipswich,4,0.581858407079646,452
Irvine,1,0.4972466960352423,1816
Irvine,2,0.5005055611729019,989
Irvine,3,0.4906716417910448,536
Irvine,4,0.48727272727272725,550
Islay Island,1,0.8571428571428571,14
Islay Island,2,0.8,5
Islay Island,3,0.6666666666666666,3
Islay Island,4,1.0,1
Isle of Mull,1,0.5,6
Isle of Mull,2,0.5,6
Isle of Mull,3,1.0,1
Isle of Skye (Portree),1,0.75,52
Isle of Skye (Portree),2,0.625,16
Isle of Skye (Portree),3,0.4444444444444444,9
Isle of Skye (Portree),4,0.75,4
Isle of Tiree,1,0.0,1
Isle of Tiree,2,1.0,1
Isle of Tiree,3,1.0,1
Isles of Scilly,1,0.3333333333333333,3
Isles of Scilly,2,0.8333333333333334,6
Isles of Scilly,4,1.0,2
Isleworth (Fleming Way),1,0.5051615051615052,3003
Isleworth (Fleming Way),2,0.5433705080545229,1614
Isleworth (Fleming Way),3,0.536928487690504,853
Isleworth (Fleming Way),4,0.5559174809989142,921
Kelso,1,0.7286821705426356,129
Kelso,2,0.6538461538461539,52
Kelso,3,0.5333333333333333,15
Kelso,4,0.6190476190476191,21
Kendal (Oxenholme Road),1,0.7088948787061995,742
Kendal (Oxenholme Road),2,0.6495176848874598,311
Kendal (Oxenholme Road),3,0.6319444444444444,144
Kendal (Oxenholme Road),4,0.5483870967741935,124
Kettering,1,0.5081374321880651,2765
Kettering,2,0.48082386363636365,1408
Kettering,3,0.48484848484848486,726
Kettering,4,0.4793814432989691,776
Kings Lynn,1,0.46993210475266733,2062
Kings Lynn,2,0.5086805555555556,1152
Kings Lynn,3,0.45226130653266333,597
Kings Lynn,4,0.48859934853420195,614
Kingussie,1,0.5957446808510638,47
Kingussie,2,0.4666666666666667,15
Kingussie,3,0.6,5
Kingussie,4,0.8,5
Kirkcaldy,1,0.44130571249215317,1593
Kirkcaldy,2,0.4280821917808219,876
Kirkcaldy,3,0.458,500
Kirkcaldy,4,0.40559440559440557,572
Kirkham LGV,2,1.0,1
Knaresborough,1,0.595467032967033,1456
Knaresborough,2,0.5971786833855799,638
Knaresborough,3,0.5382059800664452,301
Knaresborough,4,0.5071225071225072,351
Kyle of Lochalsh,1,0.6938775510204082,49
Kyle of Lochalsh,2,0.75,16
Kyle of Lochalsh,3,0.6,10
Kyle of Lochalsh,4,0.6666666666666666,3
Lanark,1,0.5300146412884333,683
Lanark,2,0.5922619047619048,336
Lanark,3,0.5032258064516129,155
Lanark,4,0.5422535211267606,142
Launceston,1,0.37716763005780346,692
Launceston,2,0.43973214285714285,448
Launceston,3,0.46332046332046334,259
Launceston,4,0.43568464730290457,241
Lee On The Solent,1,0.6046887631366209,3711
Lee On The Solent,2,0.5986519607843137,1632
Lee On The Solent,3,0.5769745649263721,747
Lee On The Solent,4,0.53836784409257,821
Leeds,1,0.5083096878800162,2467
Leeds,2,0.5162264150943396,1325
Leeds,3,0.47655068078668683,661
Leeds,4,0.4402061855670103,970
Leicester (Cannock Street),1,0.3631107256432495,3459
Leicester (Cannock Street),2,0.3943262411347518,2115
Leicester (Cannock Street),3,0.3880952380952381,1260
Leicester (Cannock Street),4,0.407472270869819,1713
Leicester (Wigston),1,0.44573863636363636,3520
Leicester (Wigston),2,0.45634920634920634,2016
Leicester (Wigston),3,0.4794520547945205,1022
Leicester (Wigston),4,0.4416475972540046,1311
Leighton Buzzard (Stanbridge Road),1,0.46705882352941175,1700
Leighton Buzzard (Stanbridge Road),2,0.5084937712344281,883
Leighton Buzzard (Stanbridge Road),3,0.5094736842105263,475
Leighton Buzzard (Stanbridge Road),4,0.4989648033126294,483
Lerwick,1,0.6190476190476191,168
Lerwick,2,0.7,60
Lerwick,3,0.6923076923076923,26
Lerwick,4,0.6666666666666666,18
Letchworth,1,0.5458715596330275,1962
Letchworth,2,0.5624332977588047,937
Letchworth,3,0.575,440
Letchworth,4,0.5492957746478874,426
Lichfield,1,0.46863636363636363,2200
Lichfield,2,0.4818941504178273,1077
Lichfield,3,0.47892074198988194,593
Lichfield,4,0.4828711256117455,613
Lincoln,1,0.4946284691136974,2234
Lincoln,2,0.4903926482873851,1197
Lincoln,3,0.47194719471947194,606
Lincoln,4,0.5,618
Livingston,1,0.5327481431465226,1481
Livingston,2,0.5398230088495575,678
Livingston,3,0.45938375350140054,357
Livingston,4,0.4228855721393035,402
Llanelli,1,0.5475923852183651,893
Llanelli,2,0.5010940919037199,457
Llanelli,3,0.5345622119815668,217
Llanelli,4,0.6,175
Llantrisant,1,0.5548859233749462,2323
Llantrisant,2,0.5843325339728217,1251
Llantrisant,3,0.5780141843971631,564
Llantrisant,4,0.5587044534412956,494
Lochgilphead,1,0.6153846153846154,52
Lochgilphead,2,0.7142857142857143,21
Lochgilphead,3,0.5,6
Lochgilphead,4,0.8,5
Loughborough,1,0.40899202320522116,1379
Loughborough,2,0.4633471645919779,723
Loughborough,3,0.40860215053763443,372
Loughborough,4,0.3922077922077922,385
Loughton (London),1,0.45344506517690875,1074
Loughton (London),2,0.4672131147540984,610
Loughton (London),3,0.43567251461988304,342
Loughton (London),4,0.425531914893617,423
Louth,1,0.5633187772925764,229
Louth,2,0.6764705882352942,102
Louth,3,0.475,40
Louth,4,0.4883720930232558,43
Lowestoft(Mobbs Way),1,0.4743777452415813,1366
Lowestoft(Mobbs Way),2,0.44487678339818415,771
Lowestoft(Mobbs Way),3,0.47417840375586856,426
Lowestoft(Mobbs Way),4,0.4872881355932203,472
Ludlow,1,0.633045148895293,1041
Ludlow,2,0.6286307053941909,482
Ludlow,3,0.6086956521739131,253
Ludlow,4,0.5642023346303502,257
Luton,1,0.37267080745341613,3381
Luton,2,0.4117987275882013,1729
Luton,3,0.40807651434643993,941
Luton,4,0.38854073410922113,1117
Macclesfield,1,0.4975124378109453,1206
Macclesfield,2,0.5442670537010159,689
Macclesfield,3,0.5714285714285714,329
Macclesfield,4,0.4707792207792208,308
Maidstone,1,0.5238450074515648,1342
Maidstone,2,0.5368043087971275,557
Maidstone,3,0.5098039215686274,255
Maidstone,4,0.5142857142857142,245
Mallaig,1,0.8947368421052632,19
Mallaig,2,0.6,5
Mallaig,3,1.0,4
Mallaig,4,0.0,2
Malton,1,0.592964824120603,199
Malton,2,0.5714285714285714,70
Malton,3,0.4782608695652174,23
Malton,4,0.5714285714285714,21
Melton Mowbray,1,0.6295336787564767,772
Melton Mowbray,2,0.5880597014925373,335
Melton Mowbray,3,0.5620915032679739,153
Melton Mowbray,4,0.5851851851851851,135
Merthyr Tydfil,1,0.462882096069869,916
Merthyr Tydfil,2,0.4711111111111111,450
Merthyr Tydfil,3,0.4722222222222222,180
Merthyr Tydfil,4,0.47878787878787876,165
Middlesbrough,1,0.514152633464708,2791
Middlesbrough,2,0.5218680504077094,1349
Middlesbrough,3,0.5293276108726752,699
Middlesbrough,4,0.4553686934023286,773
Mill Hill (London),1,0.44495738636363635,2816
Mill Hill (London),2,0.462525320729237,1481
Mill Hill (London),3,0.4535367545076283,721
Mill Hill (London),4,0.42064372918978915,901
Mitcham (London),1,0.5041863851474335,2747
Mitcham (London),2,0.5217391304347826,1587
Mitcham (London),3,0.5066964285714286,896
Mitcham (London),4,0.5121107266435986,1156
Monmouth,1,0.4752851711026616,526
Monmouth,2,0.4895397489539749,239
Monmouth,3,0.5698924731182796,93
Monmouth,4,0.5,88
Montrose,1,0.7191780821917808,292
Montrose,2,0.6666666666666666,84
Montrose,3,0.7391304347826086,23
Montrose,4,0.6,15
Morden (London),1,0.46115627822944893,4428
Morden (London),2,0.4923879947803393,2299
Morden (London),3,0.4457831325301205,1079
Morden (London),4,0.4418212478920742,1186
Nelson,1,0.5030193236714976,1656
Nelson,2,0.501131221719457,884
Nelson,3,0.49356223175965663,466
Nelson,4,0.4727626459143969,514
Newport (Gwent),1,0.46206896551724136,1595
Newport (Gwent),2,0.46326276463262767,803
Newport (Gwent),3,0.4488778054862843,401
Newport (Gwent),4,0.42424242424242425,462
Newport (Isle of Wight),1,0.5,1098
Newport (Isle of Wight),2,0.5103806228373703,578
Newport (Isle of Wight),3,0.493006993006993,286
Newport (Isle of Wight),4,0.4699248120300752,266
Newton Abbot,1,0.5024,1875
Newton Abbot,2,0.5387797311271976,967
Newton Abbot,3,0.5135746606334841,442
Newton Abbot,4,0.5710659898477157,394
Newton Stewart,1,0.6142857142857143,70
Newton Stewart,2,0.75,32
Newton Stewart,3,0.8888888888888888,9
Newton Stewart,4,0.8,10
Newtown,1,0.6589698046181173,563
Newtown,2,0.6885813148788927,289
Newtown,3,0.7364341085271318,129
Newtown,4,0.680672268907563,119
Norris Green (Liverpool),1,0.3700137551581843,2908
Norris Green (Liverpool),2,0.3733650416171225,1682
Norris Green (Liverpool),3,0.39644970414201186,1014
Norris Green (Liverpool),4,0.34724186704384724,1414
Northallerton,1,0.4771395076201641,853
Northallerton,2,0.5173913043478261,460
Northallerton,3,0.5794392523364486,214
Northallerton,4,0.4588235294117647,170
Northampton,1,0.5038212815990594,3402
Northampton,2,0.49653434152488973,1587
Northampton,3,0.5427461139896373,772
Northampton,4,0.481651376146789,872
Northwich,1,0.590134529147982,1115
Northwich,2,0.6146435452793835,519
Northwich,3,0.6173913043478261,230
Northwich,4,0.5872340425531914,235
Norwich (Jupiter Road),1,0.39609375,1280
Norwich (Jupiter Road),2,0.4498186215235792,827
Norwich (Jupiter Road),3,0.4174107142857143,448
Norwich (Jupiter Road),4,0.43451143451143454,481
Norwich (Peachman Way),1,0.6003787878787878,3168
Norwich (Peachman Way),2,0.5881934566145093,1406
Norwich (Peachman Way),3,0.6069277108433735,664
Norwich (Peachman Way),4,0.5567164179104478,670
Nottingham (Chilwell),1,0.40328151986183075,2316
Nottingham (Chilwell),2,0.4069400630914827,1268
Nottingham (Chilwell),3,0.4224137931034483,696
Nottingham (Chilwell),4,0.3981358189081225,751
Nottingham (Colwick),1,0.4631578947368421,2470
Nottingham (Colwick),2,0.5090771558245083,1322
Nottingham (Colwick),3,0.5064516129032258,620
Nottingham (Colwick),4,0.43463302752293576,872
Nuneaton,1,0.5355555555555556,1800
Nuneaton,2,0.5070588235294118,850
Nuneaton,3,0.5381062355658198,433
Nuneaton,4,0.48111332007952284,503
Oban,1,0.5652173913043478,115
Oban,2,0.4878048780487805,41
Oban,3,0.7222222222222222,18
Oban,4,0.8181818181818182,11
Orkney,1,0.5703703703703704,135
Orkney,2,0.6338028169014085,71
Orkney,3,0.5555555555555556,27
Orkney,4,0.5925925925925926,27
Oswestry,1,0.5207956600361664,553
Oswestry,2,0.5555555555555556,243
Oswestry,3,0.6226415094339622,106
Oswestry,4,0.4672897196261682,107
Oxford (Cowley),1,0.41630563213863725,2539
Oxford (Cowley),2,0.4693333333333333,1125
Oxford (Cowley),3,0.45252525252525255,495
Oxford (Cowley),4,0.44742268041237115,485
Paisley,1,0.4826897470039947,1502
Paisley,2,0.49870801033591733,774
Paisley,3,0.4609571788413098,397
Paisley,4,0.5291005291005291,378
Peebles,1,0.6466666666666666,150
Peebles,2,0.6825396825396826,63
Peebles,3,0.7142857142857143,28
Peebles,4,0.64,25
Pembroke Dock,1,0.538971807628524,603
Pembroke Dock,2,0.5608974358974359,312
Pembroke Dock,3,0.5342465753424658,146
Pembroke Dock,4,0.550561797752809,89
Penzance,1,0.47641509433962265,212
Penzance,2,0.5955056179775281,89
Penzance,3,0.6046511627906976,43
Penzance,4,0.5625,48
Perth (Arran Road),1,0.45494505494505494,910
Perth (Arran Road),2,0.4781659388646288,458
Perth (Arran Road),3,0.4595744680851064,235
Perth (Arran Road),4,0.507177033492823,209
Peterborough,1,0.4903025601241272,2578
Peterborough,2,0.4632,1250
Peterborough,3,0.5095541401273885,628
Peterborough,4,0.4752623688155922,667
Peterhead,1,0.6018735362997658,427
Peterhead,2,0.5561497326203209,187
Peterhead,3,0.5862068965517241,87
Peterhead,4,0.6551724137931034,58
Pinner (London),1,0.5106537530266344,4130
Pinner (London),2,0.5235239852398524,2168
Pinner (London),3,0.5273584905660378,1060
Pinner (London),4,0.4753804834377798,1117
Pitlochry,1,0.6176470588235294,34
Pitlochry,2,0.7222222222222222,18
Pitlochry,3,0.42857142857142855,7
Pitlochry,4,0.5,10
Plymouth,1,0.3666838576585869,1939
Plymouth,2,0.42655601659751036,1205
Plymouth,3,0.41545189504373176,686
Plymouth,4,0.44343434343434346,990
Plymouth LGV,1,0.047619047619047616,21
Plymouth LGV,2,0.23529411764705882,17
Plymouth LGV,3,0.18181818181818182,11
Plymouth LGV,4,0.1111111111111111,9
Pontefract,1,0.42828418230563003,1492
Pontefract,2,0.47815533980582525,824
Pontefract,3,0.44587628865979384,388
Pontefract,4,0.47342995169082125,414
Poole,1,0.4783744557329463,3445
Poole,2,0.4935446009389671,1704
Poole,3,0.5269607843137255,816
Poole,4,0.4603616133518776,719
Portsmouth,1,0.5160996354799514,3292
Portsmouth,2,0.5268022181146026,1623
Portsmouth,3,0.5435073627844712,747
Portsmouth,4,0.513909224011713,683
Preston,1,0.5814159292035398,3390
Preston,2,0.5921137685843568,1547
Preston,3,0.5788732394366197,710
Preston,4,0.540381791483113,681
Pwllheli,1,0.4868421052631579,304
Pwllheli,2,0.5761589403973509,151
Pwllheli,3,0.6170212765957447,47
Pwllheli,4,0.7105263157894737,38
Reading,1,0.4701773240193444,1861
Reading,2,0.5216450216450217,924
Reading,3,0.511166253101737,403
Reading,4,0.5154929577464789,355
Redditch,1,0.4225865209471767,1647
Redditch,2,0.49385474860335193,895
Redditch,3,0.4881516587677725,422
Redditch,4,0.47555555555555556,450
Redhill Aerodrome,1,0.48005409060175797,1479
Redhill Aerodrome,2,0.5116564417177915,815
Redhill Aerodrome,3,0.5203836930455635,417
Redhill Aerodrome,4,0.46534653465346537,404
Rhyl,1,0.5167844522968198,1132
Rhyl,2,0.5571895424836601,612
Rhyl,3,0.5676691729323309,266
Rhyl,4,0.5373134328358209,268
Rochdale (Manchester),1,0.37546699875467,1606
Rochdale (Manchester),2,0.3865814696485623,939
Rochdale (Manchester),3,0.44041450777202074,579
Rochdale (Manchester),4,0.37957124842370743,793
Rotherham,1,0.4788806758183738,1894
Rotherham,2,0.5273775216138329,1041
Rotherham,3,0.5029469548133595,509
Rotherham,4,0.4253472222222222,576
Rothesay,1,0.5714285714285714,42
Rothesay,2,0.7777777777777778,18
Rothesay,3,0.45454545454545453,11
Rothesay,4,0.23076923076923078,13
Rugby,1,0.467438494934877,1382
Rugby,2,0.47648902821316613,638
Rugby,3,0.47440273037542663,293
Rugby,4,0.42948717948717946,312
Sale (Manchester),1,0.4921483461409957,2993
Sale (Manchester),2,0.5184466019417475,1545
Sale (Manchester),3,0.4942528735632184,696
Sale (Manchester),4,0.4880636604774536,754
Salisbury,1,0.6092150170648464,1172
Salisbury,2,0.5968379446640316,506
Salisbury,3,0.6226415094339622,212
Salisbury,4,0.5542857142857143,175
Scarborough,1,0.5125313283208021,798
Scarborough,2,0.5048543689320388,412
Scarborough,3,0.5633802816901409,213
Scarborough,4,0.5138888888888888,216
Scunthorpe,1,0.4246188594014681,1771
Scunthorpe,2,0.4167393199651264,1147
Scunthorpe,3,0.3943089430894309,738
Scunthorpe,4,0.412972972972973,925
Sevenoaks,1,0.5056899004267426,1406
Sevenoaks,2,0.49507735583684953,711
Sevenoaks,3,0.48830409356725146,342
Sevenoaks,4,0.4716417910447761,335
Sheffield (Handsworth),1,0.46147672552166935,2492
Sheffield (Handsworth),2,0.4757475083056478,1505
Sheffield (Handsworth),3,0.44458281444582815,803
Sheffield (Handsworth),4,0.4174484052532833,1066
Sheffield (Middlewood Road),1,0.45397225725094575,2379
Sheffield (Middlewood Road),2,0.4503464203233256,1299
Sheffield (Middlewood Road),3,0.4344919786096257,748
Sheffield (Middlewood Road),4,0.3828623518687329,1097
Shrewsbury,1,0.5193850267379679,1496
Shrewsbury,2,0.5306603773584906,848
Shrewsbury,3,0.4904862579281184,473
Shrewsbury,4,0.511727078891258,469
Sidcup (London),1,0.5805618340329352,3097
Sidcup (London),2,0.5994747209455022,1523
Sidcup (London),3,0.579088471849866,746
Sidcup (London),4,0.5595533498759305,806
Skegness,1,0.5949074074074074,432
Skegness,2,0.6324324324324324,185
Skegness,3,0.6046511627906976,86
Skegness,4,0.5882352941176471,68
Skipton,1,0.5005861664712778,853
Skipton,2,0.5511627906976744,430
Skipton,3,0.465,200
Skipton,4,0.5297619047619048,168
Slough (London),1,0.48318945933666513,4402
Slough (London),2,0.519960571710202,2029
Slough (London),3,0.5152439024390244,984
Slough (London),4,0.5235042735042735,936
Southall (London),1,0.40055762081784385,1076
Southall (London),2,0.4155455904334828,669
Southall (London),3,0.41624365482233505,394
Southall (London),4,0.41950113378684806,441
Southampton (Maybush),1,0.4409973905479849,3449
Southampton (Maybush),2,0.44680851063829785,1786
Southampton (Maybush),3,0.45771670190274844,946
Southampton (Maybush),4,0.42521166509877706,1063
Southend-on-Sea,1,0.4956584659913169,1382
Southend-on-Sea,2,0.5198019801980198,606
Southend-on-Sea,3,0.5595667870036101,277
Southend-on-Sea,4,0.4934210526315789,304
Southport (Liverpool),1,0.5493606138107416,1955
Southport (Liverpool),2,0.5909580193756727,929
Southport (Liverpool),3,0.5854214123006833,439
Southport (Liverpool),4,0.6169265033407573,449
Speke (Liverpool),1,0.3084004602991945,1738
Speke (Liverpool),2,0.3516819571865443,1308
Speke (Liverpool),3,0.29591836734693877,882
Speke (Liverpool),4,0.3243566726511071,1671
St Albans,1,0.4248407643312102,1570
St Albans,2,0.4443207126948775,898
St Albans,3,0.45742092457420924,411
St Albans,4,0.4028103044496487,427
St Helens (Liverpool),1,0.3774555659494855,2138
St Helens (Liverpool),2,0.41685144124168516,1353
St Helens (Liverpool),3,0.401673640167364,717
St Helens (Liverpool),4,0.4155251141552511,876
Stafford,1,0.4563829787234043,940
Stafford,2,0.4704724409448819,508
Stafford,3,0.49407114624505927,253
Stafford,4,0.5130434782608696,230
Steeton,1,0.49440894568690097,1252
Steeton,2,0.5258741258741259,715
Steeton,3,0.5162241887905604,339
Steeton,4,0.5133689839572193,374
Stevenage,1,0.43413729128014844,1078
Stevenage,2,0.4647887323943662,639
Stevenage,3,0.4360655737704918,305
Stevenage,4,0.37577639751552794,322
Stirling,1,0.4735202492211838,963
Stirling,2,0.5145833333333333,480
Stirling,3,0.49372384937238495,239
Stirling,4,0.4789915966386555,238
Stoke-On-Trent (Cobridge),1,0.3934142114384749,1154
Stoke-On-Trent (Cobridge),2,0.4292929292929293,594
Stoke-On-Trent (Cobridge),3,0.4430379746835443,316
Stoke-On-Trent (Cobridge),4,0.3568181818181818,440
Stoke-on-Trent (Newcastle-Under-Lyme),1,0.4371822803195352,1377
Stoke-on-Trent (Newcastle-Under-Lyme),2,0.4606879606879607,814
Stoke-on-Trent (Newcastle-Under-Lyme),3,0.40045766590389015,437
Stoke-on-Trent (Newcastle-Under-Lyme),4,0.45045045045045046,555
Stornoway,1,0.5669291338582677,127
Stornoway,2,0.55,60
Stornoway,3,0.7,30
Stornoway,4,0.7333333333333333,15
Stranraer,1,0.6071428571428571,112
Stranraer,2,0.7142857142857143,56
Stranraer,3,0.5555555555555556,18
Stranraer,4,0.8,10
Sunderland,1,0.4782146652497343,2823
Sunderland,2,0.4838070059484468,1513
Sunderland,3,0.4735576923076923,832
Sunderland,4,0.41723356009070295,882
Swansea,1,0.5435278774046299,3067
Swansea,2,0.5445161290322581,1550
Swansea,3,0.5493741307371349,719
Swansea,4,0.5361527967257844,733
Swindon,1,0.4686265906099166,2279
Swindon,2,0.510752688172043,1116
Swindon,3,0.47950089126559714,561
Swindon,4,0.43690851735015773,634
Swindon LGV,1,0.17010309278350516,194
Swindon LGV,2,0.17834394904458598,157
Swindon LGV,3,0.15384615384615385,78
Swindon LGV,4,0.2403846153846154,104
Taunton,1,0.5339080459770115,1740
Taunton,2,0.5645371577574967,767
Taunton,3,0.5589123867069486,331
Taunton,4,0.5658914728682171,258
Telford,1,0.4282218597063622,1226
Telford,2,0.46629986244841815,727
Telford,3,0.4827586206896552,377
Telford,4,0.4601366742596811,439
Thurso,1,0.676056338028169,71
Thurso,2,0.7142857142857143,28
Thurso,3,0.7272727272727273,11
Thurso,4,0.6666666666666666,6
Tilbury,1,0.5062836624775583,1114
Tilbury,2,0.5095986038394416,573
Tilbury,3,0.4670846394984326,319
Tilbury,4,0.4863013698630137,292
Tolworth (London),1,0.5180722891566265,3237
Tolworth (London),2,0.5333761232349166,1558
Tolworth (London),3,0.5166889185580774,749
Tolworth (London),4,0.48066298342541436,724
Tottenham,1,0.4725274725274725,2184
Tottenham,2,0.5143745143745144,1287
Tottenham,3,0.4736070381231672,682
Tottenham,4,0.5104602510460251,956
Trowbridge,1,0.4769921436588103,891
Trowbridge,2,0.4631043256997455,393
Trowbridge,3,0.5125628140703518,199
Trowbridge,4,0.6066666666666667,150
Tunbridge Wells,1,0.5974264705882353,1088
Tunbridge Wells,2,0.6222222222222222,495
Tunbridge Wells,3,0.6470588235294118,238
Tunbridge Wells,4,0.6161616161616161,198
Ullapool,1,0.7777777777777778,27
Ullapool,2,0.375,8
Ullapool,3,0.0,1
Upton,1,0.48119692680954307,2473
Upton,2,0.5022522522522522,1332
Upton,3,0.5206847360912982,701
Upton,4,0.4369834710743802,968
Uxbridge (London),1,0.44656685596282913,1937
Uxbridge (London),2,0.4716981132075472,1007
Uxbridge (London),3,0.4669421487603306,484
Uxbridge (London),4,0.5191873589164786,443
Wakefield,1,0.49185667752442996,2456
Wakefield,2,0.5383480825958702,1356
Wakefield,3,0.539906103286385,639
Wakefield,4,0.45579078455790784,803
Wallasey,1,0.4297872340425532,470
Wallasey,2,0.41312741312741313,259
Wallasey,3,0.41721854304635764,151
Wallasey,4,0.3617021276595745,188
Walton LGV,1,0.5892857142857143,616
Walton LGV,2,0.5165745856353591,362
Walton LGV,3,0.5187165775401069,187
Walton LGV,4,0.4131147540983607,305
Wanstead (London),1,0.38745905474964903,2137
Wanstead (London),2,0.41968911917098445,1351
Wanstead (London),3,0.4121813031161473,706
Wanstead (London),4,0.4462616822429907,856
Warrington,1,0.5502890173410404,1730
Warrington,2,0.5241199478487614,767
Warrington,3,0.5574229691876751,357
Warrington,4,0.5465116279069767,344
Warwick (Wedgenock House),1,0.4568934157875591,2749
Warwick (Wedgenock House),2,0.473463687150838,1432
Warwick (Wedgenock House),3,0.4711964549483013,677
Warwick (Wedgenock House),4,0.4476067270375162,773
Watford,1,0.49828178694158076,2910
Watford,2,0.49929078014184397,1410
Watford,3,0.48613138686131385,685
Watford,4,0.47058823529411764,663
Watnall,1,0.5483870967741935,775
Watnall,2,0.5,396
Watnall,3,0.5333333333333333,225
Watnall,4,0.44621513944223107,251
Wednesbury,1,0.34734734734734735,1998
Wednesbury,2,0.3961794019933555,1204
Wednesbury,3,0.37947122861586313,643
Wednesbury,4,0.3709677419354839,868
Wellingborough,1,0.572463768115942,414
Wellingborough,2,0.5,188
Wellingborough,3,0.5,82
Wellingborough,4,0.4895833333333333,96
West Didsbury (Manchester),1,0.5210720130932897,4888
West Didsbury (Manchester),2,0.5251350228500208,2407
West Didsbury (Manchester),3,0.5208510638297872,1175
West Didsbury (Manchester),4,0.48524118070554356,1389
West Wickham (London),1,0.4902597402597403,2772
West Wickham (London),2,0.5015654351909831,1597
West Wickham (London),3,0.4678787878787879,825
West Wickham (London),4,0.4409534127843987,923
Weston-super-Mare,1,0.5866510538641686,1708
Weston-super-Mare,2,0.5875776397515527,805
Weston-super-Mare,3,0.6277173913043478,368
Weston-super-Mare,4,0.5748031496062992,254
Whitby,1,0.5660377358490566,159
Whitby,2,0.6024096385542169,83
Whitby,3,0.5614035087719298,57
Whitby,4,0.65625,32
Wick,1,0.6304347826086957,92
Wick,2,0.5952380952380952,42
Wick,3,0.7142857142857143,14
Wick,4,0.5625,16
Widnes,1,0.43054545454545456,1375
Widnes,2,0.4343302990897269,769
Widnes,3,0.47845804988662133,441
Widnes,4,0.44339622641509435,530
Winchester,1,0.47848101265822784,1975
Winchester,2,0.4969387755102041,980
Winchester,3,0.527542372881356,472
Winchester,4,0.4988009592326139,417
Wolverhampton,1,0.31977600943118184,3393
Wolverhampton,2,0.3331786542923434,2155
Wolverhampton,3,0.34768989819890367,1277
Wolverhampton,4,0.339371337240277,1877
Wood Green (London),1,0.4213260006110602,3273
Wood Green (London),2,0.4648268398268398,1848
Wood Green (London),3,0.4378818737270876,982
Wood Green (London),4,0.4359805510534846,1234
Worcester,1,0.505795574288725,2847
Worcester,2,0.4914651493598862,1406
Worcester,3,0.5211459754433834,733
Worcester,4,0.5176470588235295,680
Workington,1,0.5735461801596351,877
Workington,2,0.5295566502463054,406
Workington,3,0.5969387755102041,196
Workington,4,0.5343511450381679,131
Worksop,1,0.5987074030552292,1702
Worksop,2,0.5723684210526315,760
Worksop,3,0.5912806539509536,367
Worksop,4,0.5876923076923077,325
Worthing,1,0.6162943495400789,2283
Worthing,2,0.6083481349911191,1126
Worthing,3,0.5930018416206262,543
Worthing,4,0.5655296229802513,557
Wrexham,1,0.45816409423233145,1231
Wrexham,2,0.5069444444444444,720
Wrexham,3,0.5091863517060368,381
Wrexham,4,0.4896907216494845,388
Yeading (London),1,0.4103863204559848,1579
Yeading (London),2,0.4122042341220423,803
Yeading (London),3,0.43686868686868685,396
Yeading (London),4,0.434052757793765,417
Yeovil,1,0.594679186228482,1917
Yeovil,2,0.610126582278481,790
Yeovil,3,0.6513761467889908,327
Yeovil,4,0.6209677419354839,248
York,1,0.5294924554183813,2187
York,2,0.5303571428571429,1120
York,3,0.5104529616724739,574
York,4,0.5127768313458262,587
ZBirmingham (Wyndley),1,0.3970345963756178,607
ZBirmingham (Wyndley),2,0.44542772861356933,339
ZBirmingham (Wyndley),3,0.49029126213592233,206
ZBirmingham (Wyndley),4,0.4749034749034749,259
